<?xml version="1.0" encoding="utf-8"?>
<scene version="0.5.0">
    <shape type="obj">
        <string name="filename" value="ExampleMeshes/teapot.obj"/>
        
        <bsdf type="mixturebsdf">
            <string name="weights" value="0.7, 0.3"/>
        
            <bsdf type="dielectric"/>
        
            <bsdf type="roughdielectric">
                <float name="alpha" value="0.3"/>
            </bsdf>
        </bsdf>
    </shape>

    <sensor type="perspective">
        <transform name="toWorld">
            <lookat origin="0.217,1.575,-9.76653" target="0.217,1.575,0" up="0,1,0"/>
        </transform>

        <film type="ldrfilm"/>
    </sensor>
</scene>
