<?xml version='1.0' encoding='utf-8'?>

<scene version="0.5.0">
    <integrator type="path"/>

    <sensor type="perspective">
        <transform name="toWorld">        
            <lookat origin="0.217,1.575,-9.76653" target="0.217,1.575,0" up="0,1,0"/>
        </transform>
            
        <float name="fov" value="45"/>

        <sampler type="halton">
            <integer name="sampleCount" value="32"/>
        </sampler>

        <film type="ldrfilm"/>
    </sensor>

    <shape type="obj">
        <string name="filename" value="ExampleMeshes/teapot.obj"/>

        <bsdf type="roughplastic">
            <float name="alpha" value="0.1"/>
        </bsdf>
    </shape>
</scene>
